{"cameraMode":{"drawMode":0,"name":"Shaded","section":"Shading Mode"},"sceneLighting":false,"audioPlay":false,"sceneViewState":{"m_AlwaysRefresh":false,"showFog":true,"showSkybox":false,"showFlares":true,"showImageEffects":true,"showParticleSystems":true,"showVisualEffectGraphs":true,"m_FxEnabled":true},"in2DMode":false,"pivot":{"x":31.73052406311035,"y":0.9984896779060364,"z":1.3390474319458008},"rotation":{"x":-0.0006599377375096083,"y":0.9957635402679443,"z":-0.09167856723070145,"w":-0.007168934214860201},"size":10.815518379211426,"orthographic":false}